FACULTY_NAME,FACULTY_CODE,EMAIL,PHONE_NUMBER
Dr. Arvind Kumar,FAC001,arvind.kumar@univ.edu,+919876543210
Prof. Sneha Reddy,FAC002,sneha.reddy@univ.edu,+919876543211
Dr. Rahul Sharma,FAC003,rahul.sharma@univ.edu,+919876543212
Prof. Meena Patel,FAC004,meena.patel@univ.edu,+919876543213
Dr. Anil Verma,FAC005,anil.verma@univ.edu,+919876543214
Prof. Kavya Nair,FAC006,kavya.nair@univ.edu,+919876543215
Dr.Lavanya ,FAC007,lavanya@univ.edu,+919812345678
Prof.Shreya Kumari,FAC008,shreya@univ.edu,+919812365482

